window_end,TP,FP,TN,FN,Precision,Recall,F1
1749911069.8968253,0,0,1,0,0.0,0.0,0.0
1749911069.917652,0,0,2,0,0.0,0.0,0.0
1749911069.9573019,0,0,3,0,0.0,0.0,0.0
1749911069.9574301,0,0,1,0,0.0,0.0,0.0
1749911069.9671772,0,0,2,0,0.0,0.0,0.0
1749911069.9747167,0,0,4,0,0.0,0.0,0.0
1749911069.9816816,0,0,3,0,0.0,0.0,0.0
1749911069.9834387,0,0,4,0,0.0,0.0,0.0
1749911070.0393622,0,0,5,0,0.0,0.0,0.0
1749911070.075584,0,0,5,0,0.0,0.0,0.0
1749911070.0782278,0,0,6,0,0.0,0.0,0.0
1749911070.0801942,0,0,7,0,0.0,0.0,0.0
1749911070.0986154,0,0,6,0,0.0,0.0,0.0
1749911070.159829,0,0,8,0,0.0,0.0,0.0
1749911070.159829,0,0,7,0,0.0,0.0,0.0
1749911070.1765847,0,0,9,0,0.0,0.0,0.0
1749911070.191887,0,0,8,0,0.0,0.0,0.0
1749911070.203906,0,0,10,0,0.0,0.0,0.0
1749911070.2258785,0,0,9,0,0.0,0.0,0.0
1749911070.269691,0,0,10,0,0.0,0.0,0.0
1749911070.3068948,0,0,11,0,0.0,0.0,0.0
1749911070.3674564,0,0,11,0,0.0,0.0,0.0
1749911070.385668,0,0,12,0,0.0,0.0,0.0
1749911070.4175801,0,0,12,0,0.0,0.0,0.0
1749911070.4467611,0,0,13,0,0.0,0.0,0.0
1749911070.4585488,0,0,14,0,0.0,0.0,0.0
1749911070.5706367,0,0,13,0,0.0,0.0,0.0
1749911070.573847,0,0,14,0,0.0,0.0,0.0
1749911070.5738897,0,0,15,0,0.0,0.0,0.0
1749911070.5762084,0,0,16,0,0.0,0.0,0.0
1749911070.6107917,0,0,17,0,0.0,0.0,0.0
1749911070.660693,0,0,15,0,0.0,0.0,0.0
1749911070.6649377,0,0,16,0,0.0,0.0,0.0
1749911070.675695,0,0,17,0,0.0,0.0,0.0
1749911070.7119513,0,0,18,0,0.0,0.0,0.0
1749911070.757765,0,0,19,0,0.0,0.0,0.0
1749911070.8046255,0,0,20,0,0.0,0.0,0.0
1749911070.8086612,0,0,18,0,0.0,0.0,0.0
1749911070.8121853,0,0,19,0,0.0,0.0,0.0
1749911070.8360584,0,0,20,0,0.0,0.0,0.0
1749911070.8372517,0,0,21,0,0.0,0.0,0.0
1749911070.858888,0,0,21,0,0.0,0.0,0.0
1749911070.8835917,0,0,22,0,0.0,0.0,0.0
1749911070.9189851,0,0,23,0,0.0,0.0,0.0
1749911070.928153,0,0,24,0,0.0,0.0,0.0
1749911070.9577699,0,0,22,0,0.0,0.0,0.0
1749911070.9813569,0,0,23,0,0.0,0.0,0.0
1749911071.0222561,0,0,25,0,0.0,0.0,0.0
1749911071.0224054,0,0,24,0,0.0,0.0,0.0
1749911071.0244067,0,0,26,0,0.0,0.0,0.0
1749911071.0249956,0,0,25,0,0.0,0.0,0.0
1749911071.1078508,0,0,26,0,0.0,0.0,0.0
1749911071.1263082,0,0,27,0,0.0,0.0,0.0
1749911071.1521733,0,0,27,0,0.0,0.0,0.0
1749911071.1815538,0,0,28,0,0.0,0.0,0.0
1749911071.1889184,0,0,29,0,0.0,0.0,0.0
1749911071.1994474,0,0,28,0,0.0,0.0,0.0
1749911071.2267356,0,0,30,0,0.0,0.0,0.0
1749911071.2825375,0,0,29,0,0.0,0.0,0.0
1749911071.2898839,0,0,30,0,0.0,0.0,0.0
1749911071.3265975,0,0,31,0,0.0,0.0,0.0
1749911071.370745,0,0,32,0,0.0,0.0,0.0
1749911071.3866544,0,0,31,0,0.0,0.0,0.0
1749911071.4290037,0,0,33,0,0.0,0.0,0.0
1749911071.4344552,0,0,32,0,0.0,0.0,0.0
1749911071.4375272,0,0,33,0,0.0,0.0,0.0
1749911071.4539728,0,0,34,0,0.0,0.0,0.0
1749911071.4539967,0,0,34,0,0.0,0.0,0.0
1749911071.5326927,0,0,35,0,0.0,0.0,0.0
1749911071.532693,0,0,35,0,0.0,0.0,0.0
1749911071.5566177,0,0,36,0,0.0,0.0,0.0
1749911071.6104457,0,0,36,0,0.0,0.0,0.0
1749911071.6320908,0,0,37,0,0.0,0.0,0.0
1749911071.6904197,0,0,37,0,0.0,0.0,0.0
1749911071.714208,0,0,38,0,0.0,0.0,0.0
1749911071.766763,0,0,38,0,0.0,0.0,0.0
1749911071.782783,0,0,39,0,0.0,0.0,0.0
1749911071.787787,0,0,39,0,0.0,0.0,0.0
1749911071.8344467,0,0,40,0,0.0,0.0,0.0
1749911071.8344438,0,0,40,0,0.0,0.0,0.0
1749911071.844555,0,0,41,0,0.0,0.0,0.0
1749911071.926858,0,0,42,0,0.0,0.0,0.0
1749911071.9433856,0,0,41,0,0.0,0.0,0.0
1749911071.943385,0,0,43,0,0.0,0.0,0.0
1749911071.9581513,0,0,42,0,0.0,0.0,0.0
1749911071.9670343,0,0,44,0,0.0,0.0,0.0
1749911072.0516741,0,0,43,0,0.0,0.0,0.0
1749911072.0600934,0,0,45,0,0.0,0.0,0.0
1749911072.0975626,0,0,46,0,0.0,0.0,0.0
1749911072.1126099,0,0,44,0,0.0,0.0,0.0
1749911072.120572,0,0,47,0,0.0,0.0,0.0
1749911072.1450155,0,0,45,0,0.0,0.0,0.0
1749911072.1450124,0,0,48,0,0.0,0.0,0.0
1749911072.1477823,0,0,49,0,0.0,0.0,0.0
1749911072.219529,0,0,46,0,0.0,0.0,0.0
1749911072.247666,0,0,50,0,0.0,0.0,0.0
1749911072.3015559,0,0,51,0,0.0,0.0,0.0
1749911072.303249,0,0,47,0,0.0,0.0,0.0
1749911072.314666,0,0,48,0,0.0,0.0,0.0
1749911072.422954,0,0,52,0,0.0,0.0,0.0
1749911072.4664447,0,0,53,0,0.0,0.0,0.0
1749911072.4889994,0,0,49,0,0.0,0.0,0.0
1749911072.499135,0,0,50,0,0.0,0.0,0.0
1749911072.5163205,0,0,51,0,0.0,0.0,0.0
1749911072.5667233,0,0,54,0,0.0,0.0,0.0
1749911072.6134055,0,0,52,0,0.0,0.0,0.0
1749911072.615594,0,0,53,0,0.0,0.0,0.0
1749911072.6350427,0,0,55,0,0.0,0.0,0.0
1749911072.691837,0,0,54,0,0.0,0.0,0.0
1749911072.7129822,0,0,55,0,0.0,0.0,0.0
1749911072.7272766,0,0,56,0,0.0,0.0,0.0
1749911072.7909734,0,0,56,0,0.0,0.0,0.0
1749911072.8212032,0,0,57,0,0.0,0.0,0.0
1749911072.8285334,0,0,57,0,0.0,0.0,0.0
1749911072.893481,0,0,58,0,0.0,0.0,0.0
1749911072.9332237,0,0,58,0,0.0,0.0,0.0
1749911072.9332235,0,0,59,0,0.0,0.0,0.0
1749911072.9355586,0,0,60,0,0.0,0.0,0.0
1749911072.945441,0,0,61,0,0.0,0.0,0.0
1749911072.9484053,0,0,59,0,0.0,0.0,0.0
1749911073.0005465,0,0,62,0,0.0,0.0,0.0
1749911073.0190687,0,0,60,0,0.0,0.0,0.0
1749911073.0432217,0,0,61,0,0.0,0.0,0.0
1749911073.1086915,0,0,62,0,0.0,0.0,0.0
1749911073.1232376,0,0,63,0,0.0,0.0,0.0
1749911073.1275566,0,0,63,0,0.0,0.0,0.0
1749911073.1989522,0,0,64,0,0.0,0.0,0.0
1749911073.2042992,0,0,65,0,0.0,0.0,0.0
1749911073.2239609,0,0,64,0,0.0,0.0,0.0
1749911073.2399948,0,0,65,0,0.0,0.0,0.0
1749911073.319127,0,0,66,0,0.0,0.0,0.0
1749911073.3801823,0,0,66,0,0.0,0.0,0.0
1749911073.3874466,0,0,67,0,0.0,0.0,0.0
1749911073.394007,0,0,68,0,0.0,0.0,0.0
1749911073.407107,0,0,67,0,0.0,0.0,0.0
1749911073.4400415,0,0,69,0,0.0,0.0,0.0
1749911073.494625,0,0,68,0,0.0,0.0,0.0
1749911073.544048,0,0,69,0,0.0,0.0,0.0
1749911073.5565736,0,0,70,0,0.0,0.0,0.0
1749911073.574282,0,0,71,0,0.0,0.0,0.0
1749911073.5835588,0,0,72,0,0.0,0.0,0.0
1749911073.6265798,0,0,70,0,0.0,0.0,0.0
1749911073.62658,0,0,73,0,0.0,0.0,0.0
1749911073.6461065,0,0,74,0,0.0,0.0,0.0
1749911073.6724072,0,0,71,0,0.0,0.0,0.0
1749911073.6858504,0,0,72,0,0.0,0.0,0.0
1749911073.6966562,0,0,73,0,0.0,0.0,0.0
1749911073.7526867,0,0,75,0,0.0,0.0,0.0
1749911073.78908,0,0,74,0,0.0,0.0,0.0
1749911073.8256063,0,0,75,0,0.0,0.0,0.0
1749911073.833839,0,0,76,0,0.0,0.0,0.0
1749911073.8338327,0,0,76,0,0.0,0.0,0.0
1749911073.8473043,0,0,77,0,0.0,0.0,0.0
1749911073.8483758,0,0,77,0,0.0,0.0,0.0
1749911073.902649,0,0,78,0,0.0,0.0,0.0
1749911073.9951952,0,0,79,0,0.0,0.0,0.0
1749911074.0375524,0,0,78,0,0.0,0.0,0.0
1749911074.0743659,0,0,80,0,0.0,0.0,0.0
1749911074.0885692,0,0,79,0,0.0,0.0,0.0
1749911074.156636,0,0,81,0,0.0,0.0,0.0
1749911074.1755974,0,0,80,0,0.0,0.0,0.0
1749911074.275987,0,0,81,0,0.0,0.0,0.0
1749911074.2772524,0,0,82,0,0.0,0.0,0.0
1749911074.3365111,0,0,82,0,0.0,0.0,0.0
1749911074.3527217,0,0,83,0,0.0,0.0,0.0
1749911074.3686328,0,0,83,0,0.0,0.0,0.0
1749911074.4504201,0,0,84,0,0.0,0.0,0.0
1749911074.5023017,0,0,85,0,0.0,0.0,0.0
1749911074.5033705,0,0,84,0,0.0,0.0,0.0
1749911074.5334234,0,0,86,0,0.0,0.0,0.0
1749911074.5335808,0,0,85,0,0.0,0.0,0.0
1749911074.5719533,0,0,87,0,0.0,0.0,0.0
1749911074.580444,0,0,88,0,0.0,0.0,0.0
1749911074.6359916,0,0,89,0,0.0,0.0,0.0
1749911074.656369,0,0,86,0,0.0,0.0,0.0
1749911074.6765437,0,0,87,0,0.0,0.0,0.0
1749911074.771164,0,0,88,0,0.0,0.0,0.0
1749911074.781191,0,0,90,0,0.0,0.0,0.0
1749911074.7854335,0,0,91,0,0.0,0.0,0.0
1749911074.8409336,0,0,92,0,0.0,0.0,0.0
1749911074.8812785,0,0,89,0,0.0,0.0,0.0
1749911074.8956814,0,0,90,0,0.0,0.0,0.0
1749911074.9314568,0,0,91,0,0.0,0.0,0.0
1749911074.9467268,0,0,93,0,0.0,0.0,0.0
1749911074.950402,0,0,94,0,0.0,0.0,0.0
1749911075.0054655,0,0,95,0,0.0,0.0,0.0
1749911075.0521863,0,0,96,0,0.0,0.0,0.0
1749911075.086882,0,0,92,0,0.0,0.0,0.0
1749911075.0988653,0,0,97,0,0.0,0.0,0.0
1749911075.1089816,0,0,98,0,0.0,0.0,0.0
1749911075.1216412,0,0,93,0,0.0,0.0,0.0
1749911075.1440449,0,0,99,0,0.0,0.0,0.0
1749911075.1657474,0,0,94,0,0.0,0.0,0.0
1749911075.1835296,0,0,95,0,0.0,0.0,0.0
1749911075.188576,0,0,100,0,0.0,0.0,0.0
1749911075.19628,0,0,101,0,0.0,0.0,0.0
1749911075.2342715,0,0,96,0,0.0,0.0,0.0
1749911075.313427,0,0,97,0,0.0,0.0,0.0
1749911075.3352046,0,0,102,0,0.0,0.0,0.0
1749911075.3496726,0,0,103,0,0.0,0.0,0.0
1749911075.372258,0,0,98,0,0.0,0.0,0.0
1749911075.4106133,0,0,104,0,0.0,0.0,0.0
1749911075.4179454,0,0,105,0,0.0,0.0,0.0
1749911075.4250357,0,0,106,0,0.0,0.0,0.0
1749911075.4696577,0,0,99,0,0.0,0.0,0.0
1749911075.5263963,0,0,100,0,0.0,0.0,0.0
1749911075.5439546,0,0,101,0,0.0,0.0,0.0
1749911075.5460234,0,0,102,0,0.0,0.0,0.0
1749911075.574615,0,0,103,0,0.0,0.0,0.0
1749911075.5888503,0,0,107,0,0.0,0.0,0.0
1749911075.5945444,0,0,108,0,0.0,0.0,0.0
1749911075.6711266,0,0,104,0,0.0,0.0,0.0
1749911075.6729467,0,0,105,0,0.0,0.0,0.0
1749911075.6833923,0,0,106,0,0.0,0.0,0.0
1749911075.694808,0,0,109,0,0.0,0.0,0.0
1749911075.772868,0,0,110,0,0.0,0.0,0.0
1749911075.7800057,0,0,107,0,0.0,0.0,0.0
1749911075.8271065,0,0,108,0,0.0,0.0,0.0
1749911075.8426394,0,0,109,0,0.0,0.0,0.0
1749911075.8477075,0,0,111,0,0.0,0.0,0.0
1749911075.8777008,0,0,112,0,0.0,0.0,0.0
1749911075.9207797,0,0,113,0,0.0,0.0,0.0
1749911075.9262676,0,0,110,0,0.0,0.0,0.0
1749911075.9459558,0,0,111,0,0.0,0.0,0.0
1749911075.9655232,0,0,114,0,0.0,0.0,0.0
1749911075.9740882,0,0,115,0,0.0,0.0,0.0
1749911076.067389,0,0,112,0,0.0,0.0,0.0
1749911076.0888987,0,0,113,0,0.0,0.0,0.0
1749911076.1160586,0,0,116,0,0.0,0.0,0.0
1749911076.1352587,0,0,117,0,0.0,0.0,0.0
1749911076.1495717,0,0,118,0,0.0,0.0,0.0
1749911076.1536963,0,0,114,0,0.0,0.0,0.0
1749911076.2082288,0,0,119,0,0.0,0.0,0.0
1749911076.2289846,0,0,120,0,0.0,0.0,0.0
1749911076.233593,0,0,115,0,0.0,0.0,0.0
1749911076.261154,0,0,116,0,0.0,0.0,0.0
1749911076.2638721,0,0,117,0,0.0,0.0,0.0
1749911076.3196878,0,0,121,0,0.0,0.0,0.0
1749911076.335848,0,0,118,0,0.0,0.0,0.0
1749911076.3725767,0,0,122,0,0.0,0.0,0.0
1749911076.3725767,0,0,119,0,0.0,0.0,0.0
1749911076.382284,0,0,123,0,0.0,0.0,0.0
1749911076.397826,0,0,124,0,0.0,0.0,0.0
1749911076.4724035,0,0,120,0,0.0,0.0,0.0
1749911076.498939,0,0,125,0,0.0,0.0,0.0
1749911076.5080745,0,0,121,0,0.0,0.0,0.0
1749911076.536873,0,0,126,0,0.0,0.0,0.0
1749911076.597261,0,0,127,0,0.0,0.0,0.0
1749911076.6218297,0,0,122,0,0.0,0.0,0.0
1749911076.6243184,0,0,128,0,0.0,0.0,0.0
1749911076.6570618,0,0,123,0,0.0,0.0,0.0
1749911076.6645348,0,0,124,0,0.0,0.0,0.0
1749911076.6909587,0,0,129,0,0.0,0.0,0.0
1749911076.702057,0,0,130,0,0.0,0.0,0.0
1749911076.7309368,0,0,131,0,0.0,0.0,0.0
1749911076.7369137,0,0,132,0,0.0,0.0,0.0
1749911076.7722435,0,0,133,0,0.0,0.0,0.0
1749911076.8455768,0,0,125,0,0.0,0.0,0.0
1749911076.8575869,0,0,134,0,0.0,0.0,0.0
1749911076.8682964,0,0,126,0,0.0,0.0,0.0
1749911076.8916194,0,0,127,0,0.0,0.0,0.0
1749911076.9030137,0,0,135,0,0.0,0.0,0.0
1749911076.9782174,0,0,136,0,0.0,0.0,0.0
1749911077.048003,0,0,128,0,0.0,0.0,0.0
1749911077.071266,0,0,129,0,0.0,0.0,0.0
1749911077.0734615,0,0,137,0,0.0,0.0,0.0
1749911077.0890903,0,0,138,0,0.0,0.0,0.0
1749911077.1158416,0,0,130,0,0.0,0.0,0.0
1749911077.1455948,0,0,131,0,0.0,0.0,0.0
1749911077.1638527,0,0,139,0,0.0,0.0,0.0
1749911077.1782389,0,0,140,0,0.0,0.0,0.0
1749911077.19557,0,0,141,0,0.0,0.0,0.0
1749911077.2577322,0,0,132,0,0.0,0.0,0.0
1749911077.2685776,0,0,133,0,0.0,0.0,0.0
1749911077.3041196,0,0,142,0,0.0,0.0,0.0
1749911077.3399496,0,0,143,0,0.0,0.0,0.0
1749911077.4201825,0,0,134,0,0.0,0.0,0.0
1749911077.4283497,0,0,135,0,0.0,0.0,0.0
1749911077.4367146,0,0,144,0,0.0,0.0,0.0
1749911077.4582732,0,0,136,0,0.0,0.0,0.0
1749911077.4873114,0,0,137,0,0.0,0.0,0.0
1749911077.4899366,0,0,138,0,0.0,0.0,0.0
1749911077.503521,0,0,145,0,0.0,0.0,0.0
1749911077.55371,0,0,139,0,0.0,0.0,0.0
1749911077.5935767,0,0,146,0,0.0,0.0,0.0
1749911077.632864,0,0,140,0,0.0,0.0,0.0
1749911077.6381295,0,0,147,0,0.0,0.0,0.0
1749911077.6421385,0,0,141,0,0.0,0.0,0.0
1749911077.6920722,0,0,142,0,0.0,0.0,0.0
1749911077.7077591,0,0,148,0,0.0,0.0,0.0
1749911077.729376,0,0,143,0,0.0,0.0,0.0
1749911077.7627141,0,0,144,0,0.0,0.0,0.0
1749911077.7916791,0,0,149,0,0.0,0.0,0.0
1749911077.795933,0,0,145,0,0.0,0.0,0.0
1749911077.8469322,0,0,150,0,0.0,0.0,0.0
1749911077.8711307,0,0,146,0,0.0,0.0,0.0
1749911077.880176,0,0,151,0,0.0,0.0,0.0
1749911077.8883321,0,0,152,0,0.0,0.0,0.0
1749911077.9247909,0,0,147,0,0.0,0.0,0.0
1749911077.92626,0,0,153,0,0.0,0.0,0.0
1749911077.9415443,0,0,154,0,0.0,0.0,0.0
1749911077.9611475,0,0,148,0,0.0,0.0,0.0
1749911077.990292,0,0,155,0,0.0,0.0,0.0
1749911077.9958718,0,0,156,0,0.0,0.0,0.0
1749911077.9960008,0,0,149,0,0.0,0.0,0.0
1749911078.065345,0,0,150,0,0.0,0.0,0.0
1749911078.0877612,0,0,157,0,0.0,0.0,0.0
1749911078.139016,0,0,151,0,0.0,0.0,0.0
1749911078.158944,0,0,152,0,0.0,0.0,0.0
1749911078.1794105,0,0,158,0,0.0,0.0,0.0
1749911078.2301538,0,0,159,0,0.0,0.0,0.0
1749911078.2468324,0,0,160,0,0.0,0.0,0.0
1749911078.3011622,0,0,153,0,0.0,0.0,0.0
1749911078.3189507,0,0,154,0,0.0,0.0,0.0
1749911078.321034,0,0,155,0,0.0,0.0,0.0
1749911078.3658066,0,0,161,0,0.0,0.0,0.0
1749911078.3773918,0,0,156,0,0.0,0.0,0.0
1749911078.4105802,0,0,162,0,0.0,0.0,0.0
1749911078.4262831,0,0,163,0,0.0,0.0,0.0
1749911078.449746,0,0,157,0,0.0,0.0,0.0
1749911078.4507387,0,0,164,0,0.0,0.0,0.0
1749911078.519986,0,0,158,0,0.0,0.0,0.0
1749911078.5330427,0,0,165,0,0.0,0.0,0.0
1749911078.5623507,0,0,159,0,0.0,0.0,0.0
1749911078.5655417,0,0,166,0,0.0,0.0,0.0
1749911078.5933626,0,0,160,0,0.0,0.0,0.0
1749911078.6000404,0,0,167,0,0.0,0.0,0.0
1749911078.6286974,0,0,161,0,0.0,0.0,0.0
1749911078.6373494,0,0,162,0,0.0,0.0,0.0
1749911078.680018,0,0,168,0,0.0,0.0,0.0
1749911078.693124,0,0,163,0,0.0,0.0,0.0
1749911078.7099264,0,0,164,0,0.0,0.0,0.0
1749911078.7919319,0,0,169,0,0.0,0.0,0.0
1749911078.7932785,0,0,165,0,0.0,0.0,0.0
1749911078.8158188,0,0,170,0,0.0,0.0,0.0
1749911078.844,0,0,171,0,0.0,0.0,0.0
1749911078.8712456,0,0,166,0,0.0,0.0,0.0
1749911078.9284058,0,0,172,0,0.0,0.0,0.0
1749911078.9323595,0,0,167,0,0.0,0.0,0.0
1749911078.9643826,0,0,168,0,0.0,0.0,0.0
1749911078.987722,0,0,173,0,0.0,0.0,0.0
1749911079.022473,0,0,169,0,0.0,0.0,0.0
1749911079.0662293,0,0,174,0,0.0,0.0,0.0
1749911079.0826004,0,0,175,0,0.0,0.0,0.0
1749911079.0848224,0,0,176,0,0.0,0.0,0.0
1749911079.0932465,0,0,170,0,0.0,0.0,0.0
1749911079.1084101,0,0,171,0,0.0,0.0,0.0
1749911079.1408288,0,0,177,0,0.0,0.0,0.0
1749911079.1439657,0,0,172,0,0.0,0.0,0.0
1749911079.166586,0,0,173,0,0.0,0.0,0.0
1749911079.219528,0,0,178,0,0.0,0.0,0.0
1749911079.2851481,0,0,174,0,0.0,0.0,0.0
1749911079.3511434,0,0,175,0,0.0,0.0,0.0
1749911079.4022677,0,0,176,0,0.0,0.0,0.0
1749911079.4086065,0,0,179,0,0.0,0.0,0.0
1749911079.4513385,0,0,180,0,0.0,0.0,0.0
1749911079.4538076,0,0,181,0,0.0,0.0,0.0
1749911079.4841275,0,0,182,0,0.0,0.0,0.0
1749911079.5050445,0,0,177,0,0.0,0.0,0.0
1749911079.513324,0,0,178,0,0.0,0.0,0.0
1749911079.5396655,0,0,179,0,0.0,0.0,0.0
1749911079.5555432,0,0,180,0,0.0,0.0,0.0
1749911079.5823638,0,0,183,0,0.0,0.0,0.0
1749911079.6158528,0,0,184,0,0.0,0.0,0.0
1749911079.700597,0,0,181,0,0.0,0.0,0.0
1749911079.7272441,0,0,182,0,0.0,0.0,0.0
1749911079.740104,0,0,183,0,0.0,0.0,0.0
1749911079.7628188,0,0,185,0,0.0,0.0,0.0
1749911079.7826624,0,0,186,0,0.0,0.0,0.0
1749911079.8242161,0,0,184,0,0.0,0.0,0.0
1749911079.8574595,0,0,187,0,0.0,0.0,0.0
1749911079.8892264,0,0,188,0,0.0,0.0,0.0
1749911079.9031167,0,0,185,0,0.0,0.0,0.0
1749911079.9356823,0,0,186,0,0.0,0.0,0.0
1749911079.9469435,0,0,189,0,0.0,0.0,0.0
1749911079.9594352,0,0,187,0,0.0,0.0,0.0
1749911079.9917362,0,0,190,0,0.0,0.0,0.0
1749911080.0067055,0,0,188,0,0.0,0.0,0.0
1749911080.091313,0,0,189,0,0.0,0.0,0.0
1749911080.094044,0,0,191,0,0.0,0.0,0.0
1749911080.1255934,0,0,190,0,0.0,0.0,0.0
1749911080.1549282,0,0,191,0,0.0,0.0,0.0
1749911080.1692345,0,0,192,0,0.0,0.0,0.0
1749911080.2547061,0,0,192,0,0.0,0.0,0.0
1749911080.2777069,0,0,193,0,0.0,0.0,0.0
1749911080.3366752,0,0,194,0,0.0,0.0,0.0
1749911080.3529623,0,0,195,0,0.0,0.0,0.0
1749911080.353799,0,0,193,0,0.0,0.0,0.0
1749911080.4037085,0,0,194,0,0.0,0.0,0.0
1749911080.4240918,0,0,196,0,0.0,0.0,0.0
1749911080.4770203,0,0,195,0,0.0,0.0,0.0
1749911080.5001826,0,0,197,0,0.0,0.0,0.0
1749911080.538095,0,0,196,0,0.0,0.0,0.0
1749911080.557883,0,0,198,0,0.0,0.0,0.0
1749911080.573977,0,0,197,0,0.0,0.0,0.0
1749911080.602024,0,0,199,0,0.0,0.0,0.0
1749911080.6072242,0,0,198,0,0.0,0.0,0.0
1749911080.6299906,0,0,199,0,0.0,0.0,0.0
1749911080.7345796,0,0,200,0,0.0,0.0,0.0
1749911080.74535,0,0,200,0,0.0,0.0,0.0
1749911080.7542324,0,0,201,0,0.0,0.0,0.0
1749911080.770651,0,0,201,0,0.0,0.0,0.0
1749911080.7822945,0,0,202,0,0.0,0.0,0.0
1749911080.83844,0,0,203,0,0.0,0.0,0.0
1749911080.8518064,0,0,202,0,0.0,0.0,0.0
1749911080.8606858,0,0,204,0,0.0,0.0,0.0
1749911080.9003496,0,0,205,0,0.0,0.0,0.0
1749911080.9019098,0,0,206,0,0.0,0.0,0.0
1749911080.9094005,0,0,207,0,0.0,0.0,0.0
1749911080.9200068,0,0,203,0,0.0,0.0,0.0
1749911080.975904,0,0,204,0,0.0,0.0,0.0
1749911081.040108,0,0,208,0,0.0,0.0,0.0
1749911081.1015992,0,0,209,0,0.0,0.0,0.0
1749911081.115894,0,0,205,0,0.0,0.0,0.0
1749911081.1245701,0,0,210,0,0.0,0.0,0.0
1749911081.1327116,0,0,206,0,0.0,0.0,0.0
1749911081.1570432,0,0,207,0,0.0,0.0,0.0
1749911081.2090383,0,0,211,0,0.0,0.0,0.0
1749911081.2195566,0,0,212,0,0.0,0.0,0.0
1749911081.2333834,0,0,208,0,0.0,0.0,0.0
1749911081.2389426,0,0,209,0,0.0,0.0,0.0
1749911081.2394233,0,0,210,0,0.0,0.0,0.0
1749911081.3010762,0,0,211,0,0.0,0.0,0.0
1749911081.308397,0,0,213,0,0.0,0.0,0.0
1749911081.3821242,0,0,214,0,0.0,0.0,0.0
1749911081.4110491,0,0,212,0,0.0,0.0,0.0
1749911081.4281871,0,0,215,0,0.0,0.0,0.0
1749911081.4516354,0,0,213,0,0.0,0.0,0.0
1749911081.4878476,0,0,214,0,0.0,0.0,0.0
1749911081.5255914,0,0,216,0,0.0,0.0,0.0
1749911081.5737526,0,0,217,0,0.0,0.0,0.0
1749911081.6135862,0,0,215,0,0.0,0.0,0.0
1749911081.6135862,0,0,218,0,0.0,0.0,0.0
1749911081.6721842,0,0,216,0,0.0,0.0,0.0
1749911081.6747346,0,0,217,0,0.0,0.0,0.0
1749911081.7274606,0,0,219,0,0.0,0.0,0.0
1749911081.7295656,0,0,220,0,0.0,0.0,0.0
1749911081.7659445,0,0,218,0,0.0,0.0,0.0
1749911081.8089266,0,0,219,0,0.0,0.0,0.0
1749911081.8146243,0,0,221,0,0.0,0.0,0.0
1749911081.8688333,0,0,220,0,0.0,0.0,0.0
1749911081.90868,0,0,222,0,0.0,0.0,0.0
1749911081.9407153,0,0,221,0,0.0,0.0,0.0
1749911082.0069091,0,0,222,0,0.0,0.0,0.0
1749911082.015133,0,0,223,0,0.0,0.0,0.0
1749911082.0513628,0,0,224,0,0.0,0.0,0.0
1749911082.063623,0,0,223,0,0.0,0.0,0.0
1749911082.0888937,0,0,225,0,0.0,0.0,0.0
1749911082.1255846,0,0,226,0,0.0,0.0,0.0
1749911082.1467738,0,0,224,0,0.0,0.0,0.0
1749911082.1494453,0,0,225,0,0.0,0.0,0.0
1749911082.1625848,0,0,227,0,0.0,0.0,0.0
1749911082.266047,0,0,226,0,0.0,0.0,0.0
1749911082.2871134,0,0,228,0,0.0,0.0,0.0
1749911082.3140302,0,0,227,0,0.0,0.0,0.0
1749911082.3511524,0,0,228,0,0.0,0.0,0.0
1749911082.3544674,0,0,229,0,0.0,0.0,0.0
1749911082.3783033,0,0,229,0,0.0,0.0,0.0
1749911082.3828325,0,0,230,0,0.0,0.0,0.0
1749911082.4169521,0,0,231,0,0.0,0.0,0.0
1749911082.4434361,0,0,232,0,0.0,0.0,0.0
1749911082.519728,0,0,230,0,0.0,0.0,0.0
1749911082.5611684,0,0,231,0,0.0,0.0,0.0
1749911082.5766685,0,0,232,0,0.0,0.0,0.0
1749911082.6182694,0,0,233,0,0.0,0.0,0.0
1749911082.6425686,0,0,234,0,0.0,0.0,0.0
1749911082.7127657,0,0,233,0,0.0,0.0,0.0
1749911082.7528694,0,0,235,0,0.0,0.0,0.0
1749911082.7573512,0,0,234,0,0.0,0.0,0.0
1749911082.7667716,0,0,235,0,0.0,0.0,0.0
1749911082.776586,0,0,236,0,0.0,0.0,0.0
1749911082.8021421,0,0,236,0,0.0,0.0,0.0
1749911082.8318117,0,0,237,0,0.0,0.0,0.0
1749911082.8350868,0,0,237,0,0.0,0.0,0.0
1749911082.845545,0,0,238,0,0.0,0.0,0.0
1749911082.848053,0,0,239,0,0.0,0.0,0.0
1749911082.8740444,0,0,240,0,0.0,0.0,0.0
1749911082.900116,0,0,241,0,0.0,0.0,0.0
1749911082.906994,0,0,238,0,0.0,0.0,0.0
1749911082.9436777,0,0,239,0,0.0,0.0,0.0
1749911082.9624152,0,0,242,0,0.0,0.0,0.0
1749911082.9796314,0,0,243,0,0.0,0.0,0.0
1749911083.0193677,0,0,244,0,0.0,0.0,0.0
1749911083.0920045,0,0,240,0,0.0,0.0,0.0
1749911083.1024327,0,0,241,0,0.0,0.0,0.0
1749911083.136021,0,0,245,0,0.0,0.0,0.0
1749911083.1863248,0,0,246,0,0.0,0.0,0.0
1749911083.212936,0,0,242,0,0.0,0.0,0.0
1749911083.2162125,0,0,247,0,0.0,0.0,0.0
1749911083.225887,0,0,243,0,0.0,0.0,0.0
1749911083.249753,0,0,244,0,0.0,0.0,0.0
1749911083.276317,0,0,245,0,0.0,0.0,0.0
1749911083.3473933,0,0,248,0,0.0,0.0,0.0
1749911083.384405,0,0,246,0,0.0,0.0,0.0
1749911083.3868592,0,0,249,0,0.0,0.0,0.0
1749911083.3898866,0,0,247,0,0.0,0.0,0.0
1749911083.4334574,0,0,248,0,0.0,0.0,0.0
1749911083.4864502,0,0,250,0,0.0,0.0,0.0
1749911083.5205767,0,0,251,0,0.0,0.0,0.0
1749911083.5235543,0,0,249,0,0.0,0.0,0.0
1749911083.580576,0,0,250,0,0.0,0.0,0.0
1749911083.5877635,0,0,252,0,0.0,0.0,0.0
1749911083.6856656,0,0,253,0,0.0,0.0,0.0
1749911083.72312,0,0,251,0,0.0,0.0,0.0
1749911083.7596116,0,0,254,0,0.0,0.0,0.0
1749911083.7706437,0,0,252,0,0.0,0.0,0.0
1749911083.7929022,0,0,255,0,0.0,0.0,0.0
1749911083.8119857,0,0,256,0,0.0,0.0,0.0
1749911083.8145733,0,0,257,0,0.0,0.0,0.0
1749911083.8840737,0,0,253,0,0.0,0.0,0.0
1749911083.8991888,0,0,254,0,0.0,0.0,0.0
1749911083.9212084,0,0,258,0,0.0,0.0,0.0
1749911083.9344096,0,0,259,0,0.0,0.0,0.0
1749911083.9532888,0,0,255,0,0.0,0.0,0.0
1749911083.957901,0,0,256,0,0.0,0.0,0.0
1749911083.9642105,0,0,257,0,0.0,0.0,0.0
1749911083.9806242,0,0,258,0,0.0,0.0,0.0
1749911084.0163789,0,0,260,0,0.0,0.0,0.0
1749911084.0547085,0,0,261,0,0.0,0.0,0.0
1749911084.1123457,0,0,262,0,0.0,0.0,0.0
1749911084.1157594,0,0,259,0,0.0,0.0,0.0
1749911084.1435893,0,0,260,0,0.0,0.0,0.0
1749911084.1548111,0,0,263,0,0.0,0.0,0.0
1749911084.1583796,0,0,261,0,0.0,0.0,0.0
1749911084.1852684,0,0,264,0,0.0,0.0,0.0
1749911084.191792,0,0,262,0,0.0,0.0,0.0
1749911084.222729,0,0,263,0,0.0,0.0,0.0
1749911084.2522583,0,0,265,0,0.0,0.0,0.0
1749911084.2796457,0,0,264,0,0.0,0.0,0.0
1749911084.3548129,0,0,266,0,0.0,0.0,0.0
1749911084.355371,0,0,265,0,0.0,0.0,0.0
1749911084.3639357,0,0,267,0,0.0,0.0,0.0
1749911084.4155743,0,0,268,0,0.0,0.0,0.0
1749911084.469107,0,0,269,0,0.0,0.0,0.0
1749911084.48307,0,0,266,0,0.0,0.0,0.0
1749911084.491525,0,0,270,0,0.0,0.0,0.0
1749911084.5018604,0,0,271,0,0.0,0.0,0.0
1749911084.549104,0,0,267,0,0.0,0.0,0.0
1749911084.5519056,0,0,268,0,0.0,0.0,0.0
1749911084.5768633,0,0,272,0,0.0,0.0,0.0
1749911084.6285489,0,0,269,0,0.0,0.0,0.0
1749911084.6725762,0,0,273,0,0.0,0.0,0.0
1749911084.7297044,0,0,270,0,0.0,0.0,0.0
1749911084.7371922,0,0,271,0,0.0,0.0,0.0
1749911084.7454588,0,0,272,0,0.0,0.0,0.0
1749911084.7576694,0,0,274,0,0.0,0.0,0.0
1749911084.7637062,0,0,275,0,0.0,0.0,0.0
1749911084.822131,0,0,276,0,0.0,0.0,0.0
1749911084.8237672,0,0,273,0,0.0,0.0,0.0
1749911084.8368936,0,0,277,0,0.0,0.0,0.0
1749911084.8812222,0,0,274,0,0.0,0.0,0.0
1749911084.8958592,0,0,275,0,0.0,0.0,0.0
1749911084.9153514,0,0,276,0,0.0,0.0,0.0
1749911084.9195595,0,0,278,0,0.0,0.0,0.0
1749911084.9288235,0,0,279,0,0.0,0.0,0.0
1749911084.9565716,0,0,277,0,0.0,0.0,0.0
1749911084.9587102,0,0,278,0,0.0,0.0,0.0
1749911084.97993,0,0,280,0,0.0,0.0,0.0
1749911085.009757,0,0,279,0,0.0,0.0,0.0
1749911085.0240834,0,0,281,0,0.0,0.0,0.0
1749911085.0631506,0,0,282,0,0.0,0.0,0.0
1749911085.083933,0,0,280,0,0.0,0.0,0.0
1749911085.0868285,0,0,283,0,0.0,0.0,0.0
1749911085.1065784,0,0,281,0,0.0,0.0,0.0
1749911085.1203065,0,0,284,0,0.0,0.0,0.0
1749911085.1499405,0,0,282,0,0.0,0.0,0.0
1749911085.196309,0,0,283,0,0.0,0.0,0.0
1749911085.211452,0,0,285,0,0.0,0.0,0.0
1749911085.2179658,0,0,286,0,0.0,0.0,0.0
1749911085.2210708,0,0,284,0,0.0,0.0,0.0
1749911085.2339387,0,0,285,0,0.0,0.0,0.0
1749911085.2542086,0,0,287,0,0.0,0.0,0.0
1749911085.2787163,0,0,288,0,0.0,0.0,0.0
1749911085.379557,0,0,286,0,0.0,0.0,0.0
1749911085.3823178,0,0,287,0,0.0,0.0,0.0
1749911085.414167,0,0,289,0,0.0,0.0,0.0
1749911085.4689825,0,0,290,0,0.0,0.0,0.0
1749911085.4738696,0,0,291,0,0.0,0.0,0.0
1749911085.4813185,0,0,292,0,0.0,0.0,0.0
1749911085.5277102,0,0,288,0,0.0,0.0,0.0
1749911085.5686913,0,0,293,0,0.0,0.0,0.0
1749911085.5705912,0,0,289,0,0.0,0.0,0.0
1749911085.6152844,0,0,290,0,0.0,0.0,0.0
1749911085.630532,0,0,291,0,0.0,0.0,0.0
1749911085.6469228,0,0,294,0,0.0,0.0,0.0
1749911085.6929286,0,0,292,0,0.0,0.0,0.0
1749911085.712317,0,0,293,0,0.0,0.0,0.0
1749911085.71232,0,0,295,0,0.0,0.0,0.0
1749911085.8180065,0,0,296,0,0.0,0.0,0.0
1749911085.8259609,0,0,297,0,0.0,0.0,0.0
1749911085.827969,0,0,294,0,0.0,0.0,0.0
1749911085.8465102,0,0,298,0,0.0,0.0,0.0
1749911085.8868814,0,0,295,0,0.0,0.0,0.0
1749911085.8973565,0,0,296,0,0.0,0.0,0.0
1749911085.9064167,0,0,297,0,0.0,0.0,0.0
1749911085.9418297,0,0,299,0,0.0,0.0,0.0
1749911085.9808311,0,0,298,0,0.0,0.0,0.0
1749911086.0515134,0,0,300,0,0.0,0.0,0.0
1749911086.052484,0,0,299,0,0.0,0.0,0.0
1749911086.0666835,0,0,301,0,0.0,0.0,0.0
1749911086.097881,0,0,302,0,0.0,0.0,0.0
1749911086.1014864,0,0,300,0,0.0,0.0,0.0
1749911086.1448398,0,0,303,0,0.0,0.0,0.0
1749911086.163067,0,0,301,0,0.0,0.0,0.0
1749911086.18361,0,0,304,0,0.0,0.0,0.0
1749911086.186084,0,0,305,0,0.0,0.0,0.0
1749911086.1950119,0,0,302,0,0.0,0.0,0.0
1749911086.2458022,0,0,306,0,0.0,0.0,0.0
1749911086.265736,0,0,303,0,0.0,0.0,0.0
1749911086.2982373,0,0,304,0,0.0,0.0,0.0
1749911086.3581538,0,0,307,0,0.0,0.0,0.0
1749911086.3803432,0,0,308,0,0.0,0.0,0.0
1749911086.393693,0,0,309,0,0.0,0.0,0.0
1749911086.4271934,0,0,305,0,0.0,0.0,0.0
1749911086.44341,0,0,306,0,0.0,0.0,0.0
1749911086.4948215,0,0,310,0,0.0,0.0,0.0
1749911086.5360918,0,0,311,0,0.0,0.0,0.0
1749911086.580932,0,0,307,0,0.0,0.0,0.0
1749911086.583719,0,0,308,0,0.0,0.0,0.0
1749911086.5951786,0,0,312,0,0.0,0.0,0.0
1749911086.617265,0,0,309,0,0.0,0.0,0.0
1749911086.69767,0,0,313,0,0.0,0.0,0.0
1749911086.710441,0,0,310,0,0.0,0.0,0.0
1749911086.7653904,0,0,311,0,0.0,0.0,0.0
1749911086.7720716,0,0,312,0,0.0,0.0,0.0
1749911086.7908878,0,0,314,0,0.0,0.0,0.0
1749911086.857973,0,0,315,0,0.0,0.0,0.0
1749911086.8878613,0,0,313,0,0.0,0.0,0.0
1749911086.906518,0,0,314,0,0.0,0.0,0.0
1749911086.908786,0,0,315,0,0.0,0.0,0.0
1749911086.9323947,0,0,316,0,0.0,0.0,0.0
1749911086.957855,0,0,317,0,0.0,0.0,0.0
1749911086.9913154,0,0,318,0,0.0,0.0,0.0
1749911087.02017,0,0,316,0,0.0,0.0,0.0
1749911087.0705483,0,0,319,0,0.0,0.0,0.0
1749911087.0989943,0,0,317,0,0.0,0.0,0.0
1749911087.127472,0,0,318,0,0.0,0.0,0.0
1749911087.1486833,0,0,319,0,0.0,0.0,0.0
1749911087.1663034,0,0,320,0,0.0,0.0,0.0
1749911087.1808743,0,0,320,0,0.0,0.0,0.0
1749911087.1901765,0,0,321,0,0.0,0.0,0.0
1749911087.2671456,0,0,322,0,0.0,0.0,0.0
1749911087.2671459,0,0,321,0,0.0,0.0,0.0
1749911087.2734017,0,0,322,0,0.0,0.0,0.0
1749911087.282006,0,0,323,0,0.0,0.0,0.0
1749911087.2902431,0,0,323,0,0.0,0.0,0.0
1749911087.2914064,0,0,324,0,0.0,0.0,0.0
1749911087.309061,0,0,324,0,0.0,0.0,0.0
1749911087.3361354,0,0,325,0,0.0,0.0,0.0
1749911087.3938055,0,0,325,0,0.0,0.0,0.0
1749911087.4050798,0,0,326,0,0.0,0.0,0.0
1749911087.4161541,0,0,327,0,0.0,0.0,0.0
1749911087.4287796,0,0,326,0,0.0,0.0,0.0
1749911087.4773273,0,0,327,0,0.0,0.0,0.0
1749911087.5429063,0,0,328,0,0.0,0.0,0.0
1749911087.6019554,0,0,328,0,0.0,0.0,0.0
1749911087.6179078,0,0,329,0,0.0,0.0,0.0
1749911087.6374562,0,0,329,0,0.0,0.0,0.0
1749911087.6488078,0,0,330,0,0.0,0.0,0.0
1749911087.7146728,0,0,331,0,0.0,0.0,0.0
1749911087.714673,0,0,330,0,0.0,0.0,0.0
1749911087.7327976,0,0,331,0,0.0,0.0,0.0
1749911087.7421017,0,0,332,0,0.0,0.0,0.0
1749911087.753047,0,0,332,0,0.0,0.0,0.0
1749911087.832726,0,0,333,0,0.0,0.0,0.0
1749911087.842973,0,0,333,0,0.0,0.0,0.0
1749911087.883669,0,0,334,0,0.0,0.0,0.0
1749911087.9075553,0,0,334,0,0.0,0.0,0.0
1749911087.944639,0,0,335,0,0.0,0.0,0.0
1749911087.9813006,0,0,335,0,0.0,0.0,0.0
1749911088.0522876,0,0,336,0,0.0,0.0,0.0
1749911088.0671427,0,0,337,0,0.0,0.0,0.0
1749911088.0782723,0,0,336,0,0.0,0.0,0.0
1749911088.1254256,0,0,337,0,0.0,0.0,0.0
1749911088.214094,0,0,338,0,0.0,0.0,0.0
1749911088.2262168,0,0,339,0,0.0,0.0,0.0
1749911088.2412112,0,0,338,0,0.0,0.0,0.0
1749911088.2554703,0,0,339,0,0.0,0.0,0.0
1749911088.3408895,0,0,340,0,0.0,0.0,0.0
1749911088.342211,0,0,340,0,0.0,0.0,0.0
1749911088.353397,0,0,341,0,0.0,0.0,0.0
1749911088.3638418,0,0,342,0,0.0,0.0,0.0
1749911088.3898363,0,0,341,0,0.0,0.0,0.0
1749911088.4112873,0,0,343,0,0.0,0.0,0.0
1749911088.4192917,0,0,342,0,0.0,0.0,0.0
1749911088.5001554,0,0,343,0,0.0,0.0,0.0
1749911088.5139577,0,0,344,0,0.0,0.0,0.0
1749911088.5222082,0,0,344,0,0.0,0.0,0.0
1749911088.5827703,0,0,345,0,0.0,0.0,0.0
1749911088.6107395,0,0,345,0,0.0,0.0,0.0
1749911088.6762128,0,0,346,0,0.0,0.0,0.0
1749911088.6857376,0,0,346,0,0.0,0.0,0.0
1749911088.7159805,0,0,347,0,0.0,0.0,0.0
1749911088.7166302,0,0,347,0,0.0,0.0,0.0
1749911088.8430843,0,0,348,0,0.0,0.0,0.0
1749911088.8449936,0,0,349,0,0.0,0.0,0.0
1749911088.8678012,0,0,350,0,0.0,0.0,0.0
1749911088.8703973,0,0,348,0,0.0,0.0,0.0
1749911088.8716426,0,0,349,0,0.0,0.0,0.0
1749911088.9498873,0,0,351,0,0.0,0.0,0.0
1749911088.9532697,0,0,350,0,0.0,0.0,0.0
1749911088.9614115,0,0,352,0,0.0,0.0,0.0
1749911088.9950066,0,0,351,0,0.0,0.0,0.0
1749911088.9983392,0,0,353,0,0.0,0.0,0.0
1749911089.009718,0,0,354,0,0.0,0.0,0.0
1749911089.0661454,0,0,352,0,0.0,0.0,0.0
1749911089.077414,0,0,353,0,0.0,0.0,0.0
1749911089.0776057,0,0,355,0,0.0,0.0,0.0
1749911089.1049526,0,0,354,0,0.0,0.0,0.0
1749911089.1707568,0,0,356,0,0.0,0.0,0.0
1749911089.1878872,0,0,357,0,0.0,0.0,0.0
1749911089.1900797,0,0,358,0,0.0,0.0,0.0
1749911089.1921482,0,0,355,0,0.0,0.0,0.0
1749911089.211218,0,0,359,0,0.0,0.0,0.0
1749911089.2816725,0,0,356,0,0.0,0.0,0.0
1749911089.2843733,0,0,360,0,0.0,0.0,0.0
1749911089.3330169,0,0,361,0,0.0,0.0,0.0
1749911089.338106,0,0,357,0,0.0,0.0,0.0
1749911089.4058185,0,0,358,0,0.0,0.0,0.0
1749911089.4473927,0,0,362,0,0.0,0.0,0.0
1749911089.4555182,0,0,359,0,0.0,0.0,0.0
1749911089.4940012,0,0,360,0,0.0,0.0,0.0
1749911089.5102544,0,0,363,0,0.0,0.0,0.0
1749911089.5416481,0,0,364,0,0.0,0.0,0.0
1749911089.5573595,0,0,365,0,0.0,0.0,0.0
1749911089.6208885,0,0,361,0,0.0,0.0,0.0
1749911089.6319063,0,0,362,0,0.0,0.0,0.0
1749911089.6426187,0,0,366,0,0.0,0.0,0.0
1749911089.6502283,0,0,363,0,0.0,0.0,0.0
1749911089.6605804,0,0,367,0,0.0,0.0,0.0
1749911089.7094512,0,0,368,0,0.0,0.0,0.0
1749911089.743408,0,0,369,0,0.0,0.0,0.0
1749911089.7711644,0,0,364,0,0.0,0.0,0.0
1749911089.77728,0,0,370,0,0.0,0.0,0.0
1749911089.8077316,0,0,371,0,0.0,0.0,0.0
1749911089.8318088,0,0,365,0,0.0,0.0,0.0
1749911089.838799,0,0,372,0,0.0,0.0,0.0
1749911089.8611152,0,0,366,0,0.0,0.0,0.0
1749911089.925868,0,0,373,0,0.0,0.0,0.0
1749911089.9323194,0,0,367,0,0.0,0.0,0.0
1749911089.9362175,0,0,368,0,0.0,0.0,0.0
1749911089.9560075,0,0,369,0,0.0,0.0,0.0
1749911089.979867,0,0,374,0,0.0,0.0,0.0
1749911090.03547,0,0,375,0,0.0,0.0,0.0
1749911090.0790095,0,0,370,0,0.0,0.0,0.0
1749911090.0821362,0,0,376,0,0.0,0.0,0.0
1749911090.114186,0,0,371,0,0.0,0.0,0.0
1749911090.2145278,0,0,377,0,0.0,0.0,0.0
1749911090.2328258,0,0,372,0,0.0,0.0,0.0
1749911090.2389593,0,0,378,0,0.0,0.0,0.0
1749911090.2632563,0,0,373,0,0.0,0.0,0.0
1749911090.2785425,0,0,374,0,0.0,0.0,0.0
1749911090.338241,0,0,379,0,0.0,0.0,0.0
1749911090.3805695,0,0,375,0,0.0,0.0,0.0
1749911090.4172404,0,0,380,0,0.0,0.0,0.0
1749911090.4591918,0,0,376,0,0.0,0.0,0.0
1749911090.45926,0,0,381,0,0.0,0.0,0.0
1749911090.4943633,0,0,382,0,0.0,0.0,0.0
1749911090.5673933,0,0,377,0,0.0,0.0,0.0
1749911090.6129725,0,0,378,0,0.0,0.0,0.0
1749911090.6337159,0,0,383,0,0.0,0.0,0.0
1749911090.652092,0,0,379,0,0.0,0.0,0.0
1749911090.6682484,0,0,384,0,0.0,0.0,0.0
1749911090.7230904,0,0,380,0,0.0,0.0,0.0
1749911090.7574034,0,0,385,0,0.0,0.0,0.0
1749911090.7690187,0,0,386,0,0.0,0.0,0.0
1749911090.7695463,0,0,381,0,0.0,0.0,0.0
1749911090.7936184,0,0,387,0,0.0,0.0,0.0
1749911090.7961702,0,0,382,0,0.0,0.0,0.0
1749911090.8525877,0,0,383,0,0.0,0.0,0.0
1749911090.884719,0,0,388,0,0.0,0.0,0.0
1749911090.8897834,0,0,389,0,0.0,0.0,0.0
1749911090.927921,0,0,384,0,0.0,0.0,0.0
1749911090.9499402,0,0,390,0,0.0,0.0,0.0
1749911091.0117466,0,0,391,0,0.0,0.0,0.0
1749911091.0222213,0,0,385,0,0.0,0.0,0.0
1749911091.0245035,0,0,386,0,0.0,0.0,0.0
1749911091.091855,0,0,387,0,0.0,0.0,0.0
1749911091.0918424,0,0,392,0,0.0,0.0,0.0
1749911091.1096368,0,0,388,0,0.0,0.0,0.0
1749911091.147437,0,0,389,0,0.0,0.0,0.0
1749911091.167973,0,0,393,0,0.0,0.0,0.0
1749911091.1783483,0,0,394,0,0.0,0.0,0.0
1749911091.179456,0,0,395,0,0.0,0.0,0.0
1749911091.1852152,0,0,396,0,0.0,0.0,0.0
1749911091.2410975,0,0,390,0,0.0,0.0,0.0
1749911091.2668793,0,0,397,0,0.0,0.0,0.0
1749911091.3039255,0,0,391,0,0.0,0.0,0.0
1749911091.339403,0,0,398,0,0.0,0.0,0.0
1749911091.3399413,0,0,399,0,0.0,0.0,0.0
1749911091.4260874,0,0,400,0,0.0,0.0,0.0
1749911091.4406724,0,0,392,0,0.0,0.0,0.0
1749911091.4657164,0,0,393,0,0.0,0.0,0.0
1749911091.482129,0,0,394,0,0.0,0.0,0.0
1749911091.4833205,0,0,401,0,0.0,0.0,0.0
1749911091.5039191,0,0,395,0,0.0,0.0,0.0
1749911091.5577962,0,0,402,0,0.0,0.0,0.0
1749911091.5864737,0,0,396,0,0.0,0.0,0.0
1749911091.5908818,0,0,403,0,0.0,0.0,0.0
1749911091.6082516,0,0,404,0,0.0,0.0,0.0
1749911091.6309407,0,0,397,0,0.0,0.0,0.0
1749911091.6669366,0,0,398,0,0.0,0.0,0.0
1749911091.7161427,0,0,405,0,0.0,0.0,0.0
1749911091.7373295,0,0,399,0,0.0,0.0,0.0
1749911091.7570798,0,0,406,0,0.0,0.0,0.0
1749911091.8691344,0,0,400,0,0.0,0.0,0.0
1749911091.892628,0,0,407,0,0.0,0.0,0.0
1749911091.8945973,0,0,408,0,0.0,0.0,0.0
1749911091.9185686,0,0,401,0,0.0,0.0,0.0
1749911091.9207356,0,0,402,0,0.0,0.0,0.0
1749911092.0071168,0,0,403,0,0.0,0.0,0.0
1749911092.0093224,0,0,404,0,0.0,0.0,0.0
1749911092.020641,0,0,409,0,0.0,0.0,0.0
1749911092.0227706,0,0,410,0,0.0,0.0,0.0
1749911092.0649114,0,0,405,0,0.0,0.0,0.0
1749911092.0945315,0,0,411,0,0.0,0.0,0.0
1749911092.100787,0,0,406,0,0.0,0.0,0.0
1749911092.1385653,0,0,412,0,0.0,0.0,0.0
1749911092.201001,0,0,407,0,0.0,0.0,0.0
1749911092.2033772,0,0,408,0,0.0,0.0,0.0
1749911092.2062783,0,0,413,0,0.0,0.0,0.0
1749911092.2269154,0,0,414,0,0.0,0.0,0.0
1749911092.2896783,0,0,415,0,0.0,0.0,0.0
1749911092.3116314,0,0,409,0,0.0,0.0,0.0
1749911092.3167245,0,0,410,0,0.0,0.0,0.0
1749911092.363288,0,0,416,0,0.0,0.0,0.0
1749911092.3657415,0,0,417,0,0.0,0.0,0.0
1749911092.3885171,0,0,411,0,0.0,0.0,0.0
1749911092.3949106,0,0,412,0,0.0,0.0,0.0
1749911092.4849026,0,0,413,0,0.0,0.0,0.0
1749911092.5036604,0,0,418,0,0.0,0.0,0.0
1749911092.569428,0,0,419,0,0.0,0.0,0.0
1749911092.5812173,0,0,414,0,0.0,0.0,0.0
1749911092.607507,0,0,420,0,0.0,0.0,0.0
1749911092.6177845,0,0,421,0,0.0,0.0,0.0
1749911092.6344578,0,0,422,0,0.0,0.0,0.0
1749911092.634461,0,0,415,0,0.0,0.0,0.0
1749911092.737148,0,0,416,0,0.0,0.0,0.0
1749911092.75623,0,0,417,0,0.0,0.0,0.0
1749911092.7562363,0,0,423,0,0.0,0.0,0.0
1749911092.7588139,0,0,424,0,0.0,0.0,0.0
1749911092.7608013,0,0,425,0,0.0,0.0,0.0
1749911092.7648768,0,0,418,0,0.0,0.0,0.0
1749911092.7736661,0,0,426,0,0.0,0.0,0.0
1749911092.8192372,0,0,419,0,0.0,0.0,0.0
1749911092.8918958,0,0,427,0,0.0,0.0,0.0
1749911092.918523,0,0,420,0,0.0,0.0,0.0
1749911092.9412687,0,0,421,0,0.0,0.0,0.0
1749911092.9470034,0,0,428,0,0.0,0.0,0.0
1749911092.969697,0,0,429,0,0.0,0.0,0.0
1749911093.0007274,0,0,422,0,0.0,0.0,0.0
1749911093.0306032,0,0,430,0,0.0,0.0,0.0
1749911093.0558138,0,0,431,0,0.0,0.0,0.0
1749911093.1081636,0,0,423,0,0.0,0.0,0.0
1749911093.1105516,0,0,424,0,0.0,0.0,0.0
1749911093.1261923,0,0,432,0,0.0,0.0,0.0
1749911093.1874316,0,0,433,0,0.0,0.0,0.0
1749911093.2022185,0,0,425,0,0.0,0.0,0.0
1749911093.2100153,0,0,426,0,0.0,0.0,0.0
1749911093.241099,0,0,427,0,0.0,0.0,0.0
1749911093.2877674,0,0,434,0,0.0,0.0,0.0
1749911093.309209,0,0,428,0,0.0,0.0,0.0
1749911093.3184075,0,0,435,0,0.0,0.0,0.0
1749911093.3558145,0,0,429,0,0.0,0.0,0.0
1749911093.404413,0,0,430,0,0.0,0.0,0.0
1749911093.4214258,0,0,436,0,0.0,0.0,0.0
1749911093.4232266,0,0,437,0,0.0,0.0,0.0
1749911093.4956775,0,0,431,0,0.0,0.0,0.0
1749911093.5207076,0,0,438,0,0.0,0.0,0.0
1749911093.529269,0,0,432,0,0.0,0.0,0.0
1749911093.5992706,0,0,439,0,0.0,0.0,0.0
1749911093.6517432,0,0,440,0,0.0,0.0,0.0
1749911093.6541154,0,0,433,0,0.0,0.0,0.0
1749911093.6541283,0,0,441,0,0.0,0.0,0.0
1749911093.6852925,0,0,434,0,0.0,0.0,0.0
1749911093.7058117,0,0,442,0,0.0,0.0,0.0
1749911093.7877536,0,0,443,0,0.0,0.0,0.0
1749911093.8034647,0,0,435,0,0.0,0.0,0.0
1749911093.8157663,0,0,444,0,0.0,0.0,0.0
1749911093.8334742,0,0,436,0,0.0,0.0,0.0
1749911093.9166386,0,0,437,0,0.0,0.0,0.0
1749911093.9301326,0,0,438,0,0.0,0.0,0.0
1749911093.9608052,0,0,439,0,0.0,0.0,0.0
1749911093.96081,0,0,445,0,0.0,0.0,0.0
1749911093.9651694,0,0,446,0,0.0,0.0,0.0
1749911094.0116923,0,0,440,0,0.0,0.0,0.0
1749911094.128089,0,0,441,0,0.0,0.0,0.0
1749911094.1281064,0,0,447,0,0.0,0.0,0.0
1749911094.1316597,0,0,448,0,0.0,0.0,0.0
1749911094.1464624,0,0,449,0,0.0,0.0,0.0
1749911094.1481276,0,0,442,0,0.0,0.0,0.0
1749911094.1501868,0,0,443,0,0.0,0.0,0.0
1749911094.1533592,0,0,450,0,0.0,0.0,0.0
1749911094.2014942,0,0,444,0,0.0,0.0,0.0
1749911094.2037323,0,0,445,0,0.0,0.0,0.0
1749911094.2238567,0,0,446,0,0.0,0.0,0.0
1749911094.2267485,0,0,451,0,0.0,0.0,0.0
1749911094.268281,0,0,447,0,0.0,0.0,0.0
1749911094.2926264,0,0,448,0,0.0,0.0,0.0
1749911094.327714,0,0,452,0,0.0,0.0,0.0
1749911094.34977,0,0,453,0,0.0,0.0,0.0
1749911094.3591335,0,0,454,0,0.0,0.0,0.0
1749911094.3908412,0,0,449,0,0.0,0.0,0.0
1749911094.399437,0,0,455,0,0.0,0.0,0.0
1749911094.4385083,0,0,450,0,0.0,0.0,0.0
1749911094.4913094,0,0,451,0,0.0,0.0,0.0
1749911094.5109582,0,0,452,0,0.0,0.0,0.0
1749911094.5204167,0,0,456,0,0.0,0.0,0.0
1749911094.5602748,0,0,453,0,0.0,0.0,0.0
1749911094.5602748,0,0,457,0,0.0,0.0,0.0
1749911094.623261,0,0,458,0,0.0,0.0,0.0
1749911094.6773984,0,0,454,0,0.0,0.0,0.0
1749911094.681581,0,0,459,0,0.0,0.0,0.0
1749911094.7106109,0,0,455,0,0.0,0.0,0.0
1749911094.7124538,0,0,456,0,0.0,0.0,0.0
1749911094.7316,0,0,457,0,0.0,0.0,0.0
1749911094.802898,0,0,460,0,0.0,0.0,0.0
1749911094.8561664,0,0,461,0,0.0,0.0,0.0
1749911094.900924,0,0,458,0,0.0,0.0,0.0
1749911094.9063973,0,0,462,0,0.0,0.0,0.0
1749911094.9191833,0,0,459,0,0.0,0.0,0.0
1749911094.9259548,0,0,463,0,0.0,0.0,0.0
1749911095.002893,0,0,460,0,0.0,0.0,0.0
1749911095.0703502,0,0,464,0,0.0,0.0,0.0
1749911095.113607,0,0,461,0,0.0,0.0,0.0
1749911095.1225371,0,0,465,0,0.0,0.0,0.0
1749911095.1421115,0,0,466,0,0.0,0.0,0.0
1749911095.1944556,0,0,462,0,0.0,0.0,0.0
1749911095.2035897,0,0,463,0,0.0,0.0,0.0
1749911095.2201781,0,0,467,0,0.0,0.0,0.0
1749911095.225653,0,0,464,0,0.0,0.0,0.0
1749911095.2441332,0,0,468,0,0.0,0.0,0.0
1749911095.3651202,0,0,469,0,0.0,0.0,0.0
1749911095.3708718,0,0,465,0,0.0,0.0,0.0
1749911095.3782964,0,0,466,0,0.0,0.0,0.0
1749911095.3822546,0,0,470,0,0.0,0.0,0.0
1749911095.386865,0,0,471,0,0.0,0.0,0.0
1749911095.480071,0,0,472,0,0.0,0.0,0.0
1749911095.5276246,0,0,467,0,0.0,0.0,0.0
1749911095.5395226,0,0,468,0,0.0,0.0,0.0
1749911095.5571625,0,0,469,0,0.0,0.0,0.0
1749911095.560022,0,0,473,0,0.0,0.0,0.0
1749911095.5966206,0,0,474,0,0.0,0.0,0.0
1749911095.6080859,0,0,475,0,0.0,0.0,0.0
1749911095.645746,0,0,476,0,0.0,0.0,0.0
1749911095.6529768,0,0,470,0,0.0,0.0,0.0
1749911095.6539223,0,0,471,0,0.0,0.0,0.0
1749911095.676383,0,0,472,0,0.0,0.0,0.0
1749911095.7007163,0,0,473,0,0.0,0.0,0.0
1749911095.7097952,0,0,474,0,0.0,0.0,0.0
1749911095.7177677,0,0,477,0,0.0,0.0,0.0
1749911095.7330153,0,0,475,0,0.0,0.0,0.0
1749911095.8033254,0,0,476,0,0.0,0.0,0.0
1749911095.8081303,0,0,477,0,0.0,0.0,0.0
1749911095.8444695,0,0,478,0,0.0,0.0,0.0
1749911095.8886852,0,0,479,0,0.0,0.0,0.0
1749911095.919928,0,0,478,0,0.0,0.0,0.0
1749911095.9411116,0,0,480,0,0.0,0.0,0.0
1749911095.97297,0,0,481,0,0.0,0.0,0.0
1749911095.9959912,0,0,482,0,0.0,0.0,0.0
1749911095.9987419,0,0,479,0,0.0,0.0,0.0
1749911096.0492098,0,0,480,0,0.0,0.0,0.0
1749911096.050057,0,0,483,0,0.0,0.0,0.0
1749911096.0778801,0,0,481,0,0.0,0.0,0.0
1749911096.0933156,0,0,484,0,0.0,0.0,0.0
1749911096.1092162,0,0,485,0,0.0,0.0,0.0
1749911096.1475239,0,0,482,0,0.0,0.0,0.0
1749911096.1754878,0,0,486,0,0.0,0.0,0.0
1749911096.2087123,0,0,487,0,0.0,0.0,0.0
1749911096.255977,0,0,483,0,0.0,0.0,0.0
1749911096.276781,0,0,488,0,0.0,0.0,0.0
1749911096.344602,0,0,484,0,0.0,0.0,0.0
1749911096.367434,0,0,489,0,0.0,0.0,0.0
1749911096.3853297,0,0,490,0,0.0,0.0,0.0
1749911096.4247837,0,0,491,0,0.0,0.0,0.0
1749911096.4279673,0,0,485,0,0.0,0.0,0.0
1749911096.4497867,0,0,486,0,0.0,0.0,0.0
1749911096.4653397,0,0,487,0,0.0,0.0,0.0
1749911096.476539,0,0,492,0,0.0,0.0,0.0
1749911096.508486,0,0,493,0,0.0,0.0,0.0
1749911096.5701098,0,0,488,0,0.0,0.0,0.0
1749911096.6204798,0,0,489,0,0.0,0.0,0.0
1749911096.62817,0,0,490,0,0.0,0.0,0.0
1749911096.634303,0,0,494,0,0.0,0.0,0.0
1749911096.6706738,0,0,495,0,0.0,0.0,0.0
1749911096.7520843,0,0,496,0,0.0,0.0,0.0
1749911096.7992852,0,0,497,0,0.0,0.0,0.0
1749911096.8032823,0,0,491,0,0.0,0.0,0.0
1749911096.8048272,0,0,492,0,0.0,0.0,0.0
1749911096.9205775,0,0,498,0,0.0,0.0,0.0
1749911096.9693792,0,0,499,0,0.0,0.0,0.0
1749911096.9699821,0,0,493,0,0.0,0.0,0.0
1749911096.9998353,0,0,494,0,0.0,0.0,0.0
1749911097.0176682,0,0,500,0,0.0,0.0,0.0
1749911097.0442624,0,0,495,0,0.0,0.0,0.0
1749911097.0442579,0,0,501,0,0.0,0.0,0.0
1749911097.1364355,0,0,496,0,0.0,0.0,0.0
1749911097.151551,0,0,502,0,0.0,0.0,0.0
1749911097.15354,0,0,497,0,0.0,0.0,0.0
1749911097.2033043,0,0,498,0,0.0,0.0,0.0
1749911097.2160814,0,0,503,0,0.0,0.0,0.0
1749911097.2345114,0,0,499,0,0.0,0.0,0.0
1749911097.2357705,0,0,504,0,0.0,0.0,0.0
1749911097.2408457,0,0,505,0,0.0,0.0,0.0
1749911097.330211,0,0,500,0,0.0,0.0,0.0
1749911097.3833067,0,0,501,0,0.0,0.0,0.0
1749911097.3910904,0,0,506,0,0.0,0.0,0.0
1749911097.4442766,0,0,507,0,0.0,0.0,0.0
1749911097.4449553,0,0,502,0,0.0,0.0,0.0
1749911097.4851499,0,0,508,0,0.0,0.0,0.0
1749911097.4907126,0,0,509,0,0.0,0.0,0.0
1749911097.545354,0,0,503,0,0.0,0.0,0.0
1749911097.5675187,0,0,510,0,0.0,0.0,0.0
1749911097.5729003,0,0,511,0,0.0,0.0,0.0
1749911097.6037998,0,0,504,0,0.0,0.0,0.0
1749911097.615549,0,0,512,0,0.0,0.0,0.0
1749911097.6414979,0,0,513,0,0.0,0.0,0.0
1749911097.652788,0,0,514,0,0.0,0.0,0.0
1749911097.6633399,0,0,505,0,0.0,0.0,0.0
1749911097.7393508,0,0,506,0,0.0,0.0,0.0
1749911097.7979262,0,0,515,0,0.0,0.0,0.0
1749911097.8354967,0,0,507,0,0.0,0.0,0.0
1749911097.840104,0,0,516,0,0.0,0.0,0.0
1749911097.8439617,0,0,508,0,0.0,0.0,0.0
1749911097.937834,0,0,509,0,0.0,0.0,0.0
1749911097.9450128,0,0,510,0,0.0,0.0,0.0
1749911097.94843,0,0,517,0,0.0,0.0,0.0
1749911097.9735718,0,0,511,0,0.0,0.0,0.0
1749911097.9766254,0,0,512,0,0.0,0.0,0.0
1749911097.9770794,0,0,518,0,0.0,0.0,0.0
1749911097.9883704,0,0,513,0,0.0,0.0,0.0
1749911098.0654202,0,0,514,0,0.0,0.0,0.0
1749911098.0718727,0,0,519,0,0.0,0.0,0.0
1749911098.1326985,0,0,520,0,0.0,0.0,0.0
1749911098.144409,0,0,521,0,0.0,0.0,0.0
1749911098.161246,0,0,515,0,0.0,0.0,0.0
1749911098.1675575,0,0,516,0,0.0,0.0,0.0
1749911098.1846428,0,0,522,0,0.0,0.0,0.0
1749911098.1918428,0,0,517,0,0.0,0.0,0.0
1749911098.2010095,0,0,518,0,0.0,0.0,0.0
1749911098.2789352,0,0,523,0,0.0,0.0,0.0
1749911098.2879684,0,0,519,0,0.0,0.0,0.0
1749911098.3101246,0,0,524,0,0.0,0.0,0.0
1749911098.3471684,0,0,520,0,0.0,0.0,0.0
1749911098.363185,0,0,525,0,0.0,0.0,0.0
1749911098.4078588,0,0,521,0,0.0,0.0,0.0
1749911098.4226136,0,0,522,0,0.0,0.0,0.0
1749911098.4325314,0,0,523,0,0.0,0.0,0.0
1749911098.440341,0,0,526,0,0.0,0.0,0.0
1749911098.4763932,0,0,527,0,0.0,0.0,0.0
1749911098.492529,0,0,524,0,0.0,0.0,0.0
1749911098.504019,0,0,525,0,0.0,0.0,0.0
1749911098.5769517,0,0,528,0,0.0,0.0,0.0
1749911098.6231112,0,0,529,0,0.0,0.0,0.0
